{"id":"5990651_1062413_2022-10-08_2233","type":"Feature","geometry":{"coordinates":[[[-123.68674165556948,50.5902312947136],[-123.68345021232736,50.59860754981321],[-123.68322505245726,50.59857107666892],[-123.64260955536315,50.69984329800371],[-123.33114511326045,50.69984329800371],[-123.33114511326045,50.47347248216051],[-123.68674165556948,50.47347248216051],[-123.68674165556948,50.5902312947136]]],"type":"Polygon"},"properties":{"acquired":"2022-10-08T18:47:09.697701Z","anomalous_pixels":0,"black_fill":0.04,"clear_confidence_percent":85,"clear_percent":75,"cloud_cover":0.003,"cloud_percent":0,"columns":8000,"epsg_code":32610,"grid_cell":"1062413","ground_control":true,"gsd":3.6,"heavy_haze_percent":0,"instrument":"PSB.SD","item_type":"PSOrthoTile","light_haze_percent":0,"origin_x":451500,"origin_y":5616500,"pixel_resolution":3.125,"provider":"planetscope","published":"2022-10-09T04:39:04Z","publishing_stage":"finalized","quality_category":"standard","rows":8000,"satellite_azimuth":280.1,"satellite_id":"2233","shadow_percent":9,"snow_ice_percent":15,"strip_id":"5990651","sun_azimuth":157.7,"sun_elevation":30.9,"updated":"2022-10-11T07:07:48Z","usable_data":0.95,"view_angle":5.3,"visible_confidence_percent":75,"visible_percent":99}}
