{"id":"5943127_1062413_2022-09-20_247c","type":"Feature","geometry":{"coordinates":[[[-123.68674165556948,50.69984329800371],[-123.33114511326045,50.69984329800371],[-123.33114511326045,50.47347248216051],[-123.68674165556948,50.47347248216051],[-123.68674165556948,50.69984329800371]]],"type":"Polygon"},"properties":{"acquired":"2022-09-20T18:47:35.160074Z","anomalous_pixels":0.03,"black_fill":0.01,"clear_confidence_percent":88,"clear_percent":67,"cloud_cover":0.001,"cloud_percent":0,"columns":8000,"epsg_code":32610,"grid_cell":"1062413","ground_control":true,"gsd":4,"heavy_haze_percent":0,"instrument":"PSB.SD","item_type":"PSOrthoTile","light_haze_percent":0,"origin_x":451500,"origin_y":5616500,"pixel_resolution":3.125,"provider":"planetscope","published":"2022-09-21T02:02:33Z","publishing_stage":"finalized","quality_category":"standard","rows":8000,"satellite_azimuth":102.7,"satellite_id":"247c","shadow_percent":3,"snow_ice_percent":28,"strip_id":"5943127","sun_azimuth":155.2,"sun_elevation":37.8,"updated":"2022-09-23T07:21:36Z","usable_data":0.96,"view_angle":5,"visible_confidence_percent":78,"visible_percent":100}}
