{"id":"5902754_1062413_2022-09-03_2499","type":"Feature","geometry":{"coordinates":[[[-123.58790373276098,50.566275406564074],[-123.58749199586028,50.56620950511757],[-123.62447696783315,50.47347248216051],[-123.68674165556948,50.47347248216051],[-123.68674165556948,50.69984329800371],[-123.53415320899579,50.69984329800371],[-123.58790373276098,50.566275406564074]]],"type":"Polygon"},"properties":{"acquired":"2022-09-03T18:51:05.161757Z","anomalous_pixels":0.01,"black_fill":0.71,"clear_confidence_percent":87,"clear_percent":54,"cloud_cover":0.001,"cloud_percent":0,"columns":8000,"epsg_code":32610,"grid_cell":"1062413","ground_control":true,"gsd":3.9,"heavy_haze_percent":0,"instrument":"PSB.SD","item_type":"PSOrthoTile","light_haze_percent":0,"origin_x":451500,"origin_y":5616500,"pixel_resolution":3.125,"provider":"planetscope","published":"2022-09-04T02:22:20Z","publishing_stage":"finalized","quality_category":"test","rows":8000,"satellite_azimuth":180.9,"satellite_id":"2499","shadow_percent":2,"snow_ice_percent":42,"strip_id":"5902754","sun_azimuth":150.9,"sun_elevation":43.4,"updated":"2022-09-06T07:17:31Z","usable_data":0.29,"view_angle":0,"visible_confidence_percent":76,"visible_percent":99}}
