{"id":"5903099_1062413_2022-09-03_2426","type":"Feature","geometry":{"coordinates":[[[-123.33114511326045,50.56930009373283],[-123.33683391482069,50.55458327750345],[-123.3369209780483,50.55459647111937],[-123.36729135856906,50.47347248216051],[-123.68674165556948,50.47347248216051],[-123.68674165556948,50.69984329800371],[-123.33114511326045,50.69984329800371],[-123.33114511326045,50.56930009373283]]],"type":"Polygon"},"properties":{"acquired":"2022-09-03T19:02:48.000896Z","anomalous_pixels":0.04,"black_fill":0.03,"clear_confidence_percent":88,"clear_percent":63,"cloud_cover":0.001,"cloud_percent":2,"columns":8000,"epsg_code":32610,"grid_cell":"1062413","ground_control":true,"gsd":3.9,"heavy_haze_percent":0,"instrument":"PSB.SD","item_type":"PSOrthoTile","light_haze_percent":0,"origin_x":451500,"origin_y":5616500,"pixel_resolution":3.125,"provider":"planetscope","published":"2022-09-04T03:24:56Z","publishing_stage":"finalized","quality_category":"test","rows":8000,"satellite_azimuth":103.1,"satellite_id":"2426","shadow_percent":2,"snow_ice_percent":32,"strip_id":"5903099","sun_azimuth":155.8,"sun_elevation":44.6,"updated":"2022-09-06T07:15:36Z","usable_data":0.93,"view_angle":5,"visible_confidence_percent":77,"visible_percent":98}}
