{"id":"5917611_1062413_2022-09-09_247e","type":"Feature","geometry":{"coordinates":[[[-123.34952340377673,50.5450895943272],[-123.34914417947951,50.5450284756035],[-123.37799935692753,50.47347248216051],[-123.68674165556948,50.47347248216051],[-123.68674165556948,50.69984329800371],[-123.33114511326045,50.69984329800371],[-123.33114511326045,50.59045167014784],[-123.34952340377673,50.5450895943272]]],"type":"Polygon"},"properties":{"acquired":"2022-09-09T18:50:45.179063Z","anomalous_pixels":0.03,"black_fill":0.05,"clear_confidence_percent":90,"clear_percent":69,"cloud_cover":0.001,"cloud_percent":0,"columns":8000,"epsg_code":32610,"grid_cell":"1062413","ground_control":true,"gsd":3.9,"heavy_haze_percent":0,"instrument":"PSB.SD","item_type":"PSOrthoTile","light_haze_percent":0,"origin_x":451500,"origin_y":5616500,"pixel_resolution":3.125,"provider":"planetscope","published":"2022-09-10T02:21:45Z","publishing_stage":"finalized","quality_category":"test","rows":8000,"satellite_azimuth":180,"satellite_id":"247e","shadow_percent":2,"snow_ice_percent":29,"strip_id":"5917611","sun_azimuth":152.7,"sun_elevation":41.5,"updated":"2022-09-12T07:04:02Z","usable_data":0.92,"view_angle":0.2,"visible_confidence_percent":79,"visible_percent":100}}
