{"id":"5892964_1062413_2022-08-30_2460","type":"Feature","geometry":{"coordinates":[[[-123.68674165556948,50.50393077695614],[-123.67738195478698,50.527863117466964],[-123.67766374725213,50.52790859116694],[-123.61094048416801,50.69984329800371],[-123.33114511326045,50.69984329800371],[-123.33114511326045,50.47347248216051],[-123.68674165556948,50.47347248216051],[-123.68674165556948,50.50393077695614]]],"type":"Polygon"},"properties":{"acquired":"2022-08-30T18:13:38.071625Z","anomalous_pixels":0.05,"black_fill":0.1,"clear_confidence_percent":87,"clear_percent":73,"cloud_cover":0,"cloud_percent":0,"columns":8000,"epsg_code":32610,"grid_cell":"1062413","ground_control":true,"gsd":4,"heavy_haze_percent":0,"instrument":"PSB.SD","item_type":"PSOrthoTile","light_haze_percent":0,"origin_x":451500,"origin_y":5616500,"pixel_resolution":3.125,"provider":"planetscope","published":"2022-08-31T04:32:12Z","publishing_stage":"finalized","quality_category":"test","rows":8000,"satellite_azimuth":183,"satellite_id":"2460","shadow_percent":3,"snow_ice_percent":23,"strip_id":"5892964","sun_azimuth":138.6,"sun_elevation":41.4,"updated":"2022-09-02T07:31:15Z","usable_data":0.85,"view_angle":0.1,"visible_confidence_percent":69,"visible_percent":100}}
