{"id":"5912994_1062413_2022-09-07_2495","type":"Feature","geometry":{"coordinates":[[[[-123.68674165556948,50.47431282541984],[-123.68161452196621,50.47347248216051],[-123.68674165556948,50.47347248216051],[-123.68674165556948,50.47431282541984]]],[[[-123.56496052161,50.69984329800371],[-123.6174440978436,50.57154294632154],[-123.68674165556948,50.58293555095516],[-123.68674165556948,50.69984329800371],[-123.56496052161,50.69984329800371]]]],"type":"MultiPolygon"},"properties":{"acquired":"2022-09-07T18:54:41.27869Z","anomalous_pixels":0,"black_fill":0.86,"clear_confidence_percent":86,"clear_percent":60,"cloud_cover":0,"cloud_percent":1,"columns":8000,"epsg_code":32610,"grid_cell":"1062413","ground_control":true,"gsd":3.9,"heavy_haze_percent":0,"instrument":"PSB.SD","item_type":"PSOrthoTile","light_haze_percent":0,"origin_x":451500,"origin_y":5616500,"pixel_resolution":3.125,"provider":"planetscope","published":"2022-09-08T07:24:46Z","publishing_stage":"finalized","quality_category":"test","rows":8000,"satellite_azimuth":280.3,"satellite_id":"2495","shadow_percent":3,"snow_ice_percent":36,"strip_id":"5912994","sun_azimuth":152.2,"sun_elevation":42.1,"updated":"2022-09-10T07:07:33Z","usable_data":0.14,"view_angle":5,"visible_confidence_percent":78,"visible_percent":99}}
