{"id":"5864669_1062413_2022-08-17_2474","type":"Feature","geometry":{"coordinates":[[[-123.33114511326045,50.581946772573545],[-123.37499238229883,50.47347248216051],[-123.68674165556948,50.47347248216051],[-123.68674165556948,50.69984329800371],[-123.33114511326045,50.69984329800371],[-123.33114511326045,50.581946772573545]]],"type":"Polygon"},"properties":{"acquired":"2022-08-17T18:52:02.417845Z","anomalous_pixels":0.1,"black_fill":0.04,"clear_confidence_percent":90,"clear_percent":59,"cloud_cover":0.001,"cloud_percent":0,"columns":8000,"epsg_code":32610,"grid_cell":"1062413","ground_control":true,"gsd":4,"heavy_haze_percent":0,"instrument":"PSB.SD","item_type":"PSOrthoTile","light_haze_percent":0,"origin_x":451500,"origin_y":5616500,"pixel_resolution":3.125,"provider":"planetscope","published":"2022-08-19T02:13:15Z","publishing_stage":"finalized","quality_category":"test","rows":8000,"satellite_azimuth":278.1,"satellite_id":"2474","shadow_percent":0,"snow_ice_percent":40,"strip_id":"5864669","sun_azimuth":146.8,"sun_elevation":48.7,"updated":"2022-08-21T04:06:50Z","usable_data":0.86,"view_angle":2,"visible_confidence_percent":78,"visible_percent":100}}
