{"id":"5974078_1062413_2022-10-02_247f","type":"Feature","geometry":{"coordinates":[[[-123.36503636759394,50.53455827210069],[-123.36086300964398,50.533903635742675],[-123.38423189811283,50.47347248216051],[-123.68674165556948,50.47347248216051],[-123.68674165556948,50.69984329800371],[-123.33114511326045,50.69984329800371],[-123.33114511326045,50.622455591696614],[-123.36503636759394,50.53455827210069]]],"type":"Polygon"},"properties":{"acquired":"2022-10-02T18:47:53.188058Z","anomalous_pixels":0.01,"black_fill":0.07,"clear_confidence_percent":88,"clear_percent":68,"cloud_cover":0.002,"cloud_percent":0,"columns":8000,"epsg_code":32610,"grid_cell":"1062413","ground_control":true,"gsd":4,"heavy_haze_percent":0,"instrument":"PSB.SD","item_type":"PSOrthoTile","light_haze_percent":0,"origin_x":451500,"origin_y":5616500,"pixel_resolution":3.125,"provider":"planetscope","published":"2022-10-03T05:53:10Z","publishing_stage":"finalized","quality_category":"standard","rows":8000,"satellite_azimuth":103.6,"satellite_id":"247f","shadow_percent":4,"snow_ice_percent":27,"strip_id":"5974078","sun_azimuth":157.9,"sun_elevation":33.5,"updated":"2022-10-05T07:13:47Z","usable_data":0.93,"view_angle":4.9,"visible_confidence_percent":77,"visible_percent":100}}
