{"id":"5940456_1062413_2022-09-19_2474","type":"Feature","geometry":{"coordinates":[[[-123.57300209360443,50.59899207458966],[-123.57237328672117,50.598893739099054],[-123.6207583804628,50.47347248216051],[-123.68674165556948,50.47347248216051],[-123.68674165556948,50.69984329800371],[-123.53332232172428,50.69984329800371],[-123.57300209360443,50.59899207458966]]],"type":"Polygon"},"properties":{"acquired":"2022-09-19T18:49:22.15452Z","anomalous_pixels":0.01,"black_fill":0.7,"clear_confidence_percent":88,"clear_percent":61,"cloud_cover":0.001,"cloud_percent":1,"columns":8000,"epsg_code":32610,"grid_cell":"1062413","ground_control":true,"gsd":4,"heavy_haze_percent":0,"instrument":"PSB.SD","item_type":"PSOrthoTile","light_haze_percent":0,"origin_x":451500,"origin_y":5616500,"pixel_resolution":3.125,"provider":"planetscope","published":"2022-09-20T01:53:18Z","publishing_stage":"finalized","quality_category":"test","rows":8000,"satellite_azimuth":103.1,"satellite_id":"2474","shadow_percent":2,"snow_ice_percent":36,"strip_id":"5940456","sun_azimuth":155.2,"sun_elevation":38.1,"updated":"2022-09-22T07:07:30Z","usable_data":0.3,"view_angle":5.1,"visible_confidence_percent":78,"visible_percent":99}}
