{"id":"5920303_1062413_2022-09-10_2475","type":"Feature","geometry":{"coordinates":[[[-123.68674165556948,50.69984329800371],[-123.33114511326045,50.69984329800371],[-123.33114511326045,50.47347248216051],[-123.68674165556948,50.47347248216051],[-123.68674165556948,50.69984329800371]]],"type":"Polygon"},"properties":{"acquired":"2022-09-10T18:51:59.951222Z","anomalous_pixels":0.02,"black_fill":0.01,"clear_confidence_percent":89,"clear_percent":72,"cloud_cover":0.001,"cloud_percent":0,"columns":8000,"epsg_code":32610,"grid_cell":"1062413","ground_control":true,"gsd":3.9,"heavy_haze_percent":0,"instrument":"PSB.SD","item_type":"PSOrthoTile","light_haze_percent":0,"origin_x":451500,"origin_y":5616500,"pixel_resolution":3.125,"provider":"planetscope","published":"2022-09-11T03:48:41Z","publishing_stage":"finalized","quality_category":"standard","rows":8000,"satellite_azimuth":279.6,"satellite_id":"2475","shadow_percent":3,"snow_ice_percent":24,"strip_id":"5920303","sun_azimuth":153,"sun_elevation":41.1,"updated":"2022-09-13T04:04:10Z","usable_data":0.96,"view_angle":3,"visible_confidence_percent":78,"visible_percent":100}}
