{"id":"5874216_1062413_2022-08-22_2465","type":"Feature","geometry":{"coordinates":[[[-123.68674165556948,50.69984329800371],[-123.33114511326045,50.69984329800371],[-123.33114511326045,50.47347248216051],[-123.68674165556948,50.47347248216051],[-123.68674165556948,50.69984329800371]]],"type":"Polygon"},"properties":{"acquired":"2022-08-22T18:16:56.246112Z","anomalous_pixels":0.09,"black_fill":0.01,"clear_confidence_percent":89,"clear_percent":68,"cloud_cover":0.001,"cloud_percent":1,"columns":8000,"epsg_code":32610,"grid_cell":"1062413","ground_control":true,"gsd":4,"heavy_haze_percent":0,"instrument":"PSB.SD","item_type":"PSOrthoTile","light_haze_percent":0,"origin_x":451500,"origin_y":5616500,"pixel_resolution":3.125,"provider":"planetscope","published":"2022-08-23T02:04:58Z","publishing_stage":"finalized","quality_category":"test","rows":8000,"satellite_azimuth":108.9,"satellite_id":"2465","shadow_percent":2,"snow_ice_percent":28,"strip_id":"5874216","sun_azimuth":137.3,"sun_elevation":44,"updated":"2022-08-25T07:05:02Z","usable_data":0.9,"view_angle":1,"visible_confidence_percent":80,"visible_percent":98}}
