{"id":"5898249_1062413_2022-09-01_24a4","type":"Feature","geometry":{"coordinates":[[[-123.50488995221835,50.69984329800371],[-123.53745820355127,50.61701351973268],[-123.53735227635207,50.616996996749286],[-123.59322614544882,50.47347248216051],[-123.68674165556948,50.47347248216051],[-123.68674165556948,50.69984329800371],[-123.50488995221835,50.69984329800371]]],"type":"Polygon"},"properties":{"acquired":"2022-09-01T18:48:32.666077Z","anomalous_pixels":0.01,"black_fill":0.62,"clear_confidence_percent":88,"clear_percent":59,"cloud_cover":0,"cloud_percent":0,"columns":8000,"epsg_code":32610,"grid_cell":"1062413","ground_control":true,"gsd":4,"heavy_haze_percent":0,"instrument":"PSB.SD","item_type":"PSOrthoTile","light_haze_percent":0,"origin_x":451500,"origin_y":5616500,"pixel_resolution":3.125,"provider":"planetscope","published":"2022-09-02T04:02:51Z","publishing_stage":"finalized","quality_category":"test","rows":8000,"satellite_azimuth":103.3,"satellite_id":"24a4","shadow_percent":2,"snow_ice_percent":37,"strip_id":"5898249","sun_azimuth":150.3,"sun_elevation":44.2,"updated":"2022-09-04T07:09:19Z","usable_data":0.37,"view_angle":5,"visible_confidence_percent":74,"visible_percent":99}}
