{"id":"5964662_1062413_2022-09-29_247d","type":"Feature","geometry":{"coordinates":[[[-123.68674165556948,50.69984329800371],[-123.33114511326045,50.69984329800371],[-123.33114511326045,50.47347248216051],[-123.68674165556948,50.47347248216051],[-123.68674165556948,50.69984329800371]]],"type":"Polygon"},"properties":{"acquired":"2022-09-29T18:47:54.361498Z","anomalous_pixels":0,"black_fill":0.01,"clear_confidence_percent":83,"clear_percent":58,"cloud_cover":0.002,"cloud_percent":15,"columns":8000,"epsg_code":32610,"grid_cell":"1062413","ground_control":true,"gsd":4,"heavy_haze_percent":0,"instrument":"PSB.SD","item_type":"PSOrthoTile","light_haze_percent":0,"origin_x":451500,"origin_y":5616500,"pixel_resolution":3.125,"provider":"planetscope","published":"2022-09-30T01:51:26Z","publishing_stage":"finalized","quality_category":"standard","rows":8000,"satellite_azimuth":103.3,"satellite_id":"247d","shadow_percent":6,"snow_ice_percent":20,"strip_id":"5964662","sun_azimuth":157.4,"sun_elevation":34.6,"updated":"2022-10-02T07:07:34Z","usable_data":0.98,"view_angle":4.9,"visible_confidence_percent":71,"visible_percent":84}}
