{"id":"5955030_1062413_2022-09-25_2451","type":"Feature","geometry":{"coordinates":[[[-123.6449732137493,50.5366740947878],[-123.66935769659801,50.47347248216051],[-123.68674165556948,50.47347248216051],[-123.68674165556948,50.69984329800371],[-123.58137298561253,50.69984329800371],[-123.64438910075597,50.53658479573663],[-123.6449732137493,50.5366740947878]]],"type":"Polygon"},"properties":{"acquired":"2022-09-25T18:12:55.929872Z","anomalous_pixels":0,"black_fill":0.83,"clear_confidence_percent":84,"clear_percent":57,"cloud_cover":0.001,"cloud_percent":0,"columns":8000,"epsg_code":32610,"grid_cell":"1062413","ground_control":true,"gsd":4,"heavy_haze_percent":0,"instrument":"PSB.SD","item_type":"PSOrthoTile","light_haze_percent":0,"origin_x":451500,"origin_y":5616500,"pixel_resolution":3.125,"provider":"planetscope","published":"2022-09-26T01:41:38Z","publishing_stage":"finalized","quality_category":"test","rows":8000,"satellite_azimuth":103.5,"satellite_id":"2451","shadow_percent":3,"snow_ice_percent":39,"strip_id":"5955030","sun_azimuth":145.9,"sun_elevation":33.1,"updated":"2022-09-28T07:10:40Z","usable_data":0.17,"view_angle":4.1,"visible_confidence_percent":75,"visible_percent":100}}
