{"id":"5900307_1062413_2022-09-02_2464","type":"Feature","geometry":{"coordinates":[[[-123.41220148451934,50.515783570910884],[-123.42961567515752,50.47347248216051],[-123.68674165556948,50.47347248216051],[-123.68674165556948,50.69984329800371],[-123.33524626890375,50.69984329800371],[-123.34072960116522,50.686741512515475],[-123.33930307356685,50.68650665410287],[-123.41220148451934,50.515783570910884]]],"type":"Polygon"},"properties":{"acquired":"2022-09-02T18:19:22.039177Z","anomalous_pixels":0.04,"black_fill":0.15,"clear_confidence_percent":87,"clear_percent":64,"cloud_cover":0,"cloud_percent":0,"columns":8000,"epsg_code":32610,"grid_cell":"1062413","ground_control":true,"gsd":4,"heavy_haze_percent":0,"instrument":"PSB.SD","item_type":"PSOrthoTile","light_haze_percent":0,"origin_x":451500,"origin_y":5616500,"pixel_resolution":3.125,"provider":"planetscope","published":"2022-09-03T01:20:33Z","publishing_stage":"finalized","quality_category":"test","rows":8000,"satellite_azimuth":280.4,"satellite_id":"2464","shadow_percent":4,"snow_ice_percent":31,"strip_id":"5900307","sun_azimuth":140.3,"sun_elevation":40.6,"updated":"2022-09-05T07:04:25Z","usable_data":0.81,"view_angle":5.1,"visible_confidence_percent":77,"visible_percent":100}}
