{"id":"5895742_1062413_2022-08-31_2459","type":"Feature","geometry":{"coordinates":[[[-123.55345703807835,50.69984329800371],[-123.60732337475764,50.570337093768686],[-123.60817383528449,50.570479035709944],[-123.64851544873663,50.47347248216051],[-123.68674165556948,50.47347248216051],[-123.68674165556948,50.69984329800371],[-123.55345703807835,50.69984329800371]]],"type":"Polygon"},"properties":{"acquired":"2022-08-31T18:18:31.563069Z","anomalous_pixels":0.01,"black_fill":0.77,"clear_confidence_percent":86,"clear_percent":60,"cloud_cover":0,"cloud_percent":0,"columns":8000,"epsg_code":32610,"grid_cell":"1062413","ground_control":true,"gsd":4,"heavy_haze_percent":0,"instrument":"PSB.SD","item_type":"PSOrthoTile","light_haze_percent":0,"origin_x":451500,"origin_y":5616500,"pixel_resolution":3.125,"provider":"planetscope","published":"2022-09-01T03:56:17Z","publishing_stage":"finalized","quality_category":"test","rows":8000,"satellite_azimuth":280.2,"satellite_id":"2459","shadow_percent":4,"snow_ice_percent":36,"strip_id":"5895742","sun_azimuth":139.1,"sun_elevation":41.1,"updated":"2022-09-03T04:13:30Z","usable_data":0.23,"view_angle":5,"visible_confidence_percent":77,"visible_percent":100}}
