{"id":"5944094_1062413_2022-08-31_2212","type":"Feature","geometry":{"coordinates":[[[-123.47048255673026,50.69984329800371],[-123.5167835317306,50.586638236301845],[-123.51719011230787,50.586704197906236],[-123.56153662677886,50.47347248216051],[-123.68674165556948,50.47347248216051],[-123.68674165556948,50.69984329800371],[-123.47048255673026,50.69984329800371]]],"type":"Polygon"},"properties":{"acquired":"2022-08-31T18:26:27.332741Z","anomalous_pixels":0.01,"black_fill":0.53,"clear_confidence_percent":84,"clear_percent":55,"cloud_cover":0,"cloud_percent":0,"columns":8000,"epsg_code":32610,"grid_cell":"1062413","ground_control":true,"gsd":3.6,"heavy_haze_percent":0,"instrument":"PSB.SD","item_type":"PSOrthoTile","light_haze_percent":0,"origin_x":451500,"origin_y":5616500,"pixel_resolution":3.125,"provider":"planetscope","published":"2022-09-21T10:01:07Z","publishing_stage":"finalized","quality_category":"test","rows":8000,"satellite_azimuth":280.4,"satellite_id":"2212","shadow_percent":2,"snow_ice_percent":42,"strip_id":"5944094","sun_azimuth":142,"sun_elevation":41.8,"updated":"2022-09-21T10:01:07Z","usable_data":0.46,"view_angle":6.5,"visible_confidence_percent":76,"visible_percent":100}}
