<?xml version="1.0" encoding="UTF-8"?>
<ps:EarthObservation xsi:schemaLocation="http://schemas.planet.com/ps/v1/planet_product_metadata_geocorrected_level http://schemas.planet.com/ps/v1/planet_product_metadata_geocorrected_level.xsd" xmlns:xsi="http://www.w3.org/2001/XMLSchema-instance" xmlns:xs="http://www.w3.org/2001/XMLSchema" xmlns:xlink="http://www.w3.org/1999/xlink" xmlns:opt="http://earth.esa.int/opt" xmlns:gml="http://www.opengis.net/gml" xmlns:eop="http://earth.esa.int/eop" version="1.2.1" planet_standard_product_version="1.0" xmlns:ps="http://schemas.planet.com/ps/v1/planet_product_metadata_geocorrected_level">
  <gml:metaDataProperty>
    <ps:EarthObservationMetaData>
      <eop:identifier>5960569_1062413_2022-09-27_2442_BGRN_Analytic</eop:identifier>
      <eop:acquisitionType>NOMINAL</eop:acquisitionType>
      <eop:productType>L3A</eop:productType>
      <eop:status>ARCHIVED</eop:status>
      <eop:downlinkedTo>
        <eop:DownlinkInformation>
          <eop:acquisitionStation codeSpace="urn:eop:PS:stationLocation">Planet Ground Station Network</eop:acquisitionStation>
          <eop:acquisitionDate>2022-09-27T18:14:55.491002+00:00</eop:acquisitionDate>
        </eop:DownlinkInformation>
      </eop:downlinkedTo>
      <eop:archivedIn>
        <eop:ArchivingInformation>
          <eop:archivingCenter codeSpace="urn:eop:PS:stationLocation">Planet Archive Center</eop:archivingCenter>
          <eop:archivingDate>2022-09-27T18:14:55.491002+00:00</eop:archivingDate>
          <eop:archivingIdentifier codeSpace="urn:eop:PS:dmsCatalogueId">5960569</eop:archivingIdentifier>
        </eop:ArchivingInformation>
      </eop:archivedIn>
      <eop:processing>
        <eop:ProcessingInformation>
          <eop:processorName>CMO Patch Processor</eop:processorName>
          <eop:processorVersion>4.1.4</eop:processorVersion>
          <eop:nativeProductFormat>GeoTIFF</eop:nativeProductFormat>
        </eop:ProcessingInformation>
      </eop:processing>
      <ps:license>
        <ps:licenseType>20160101 - Inc - Single User</ps:licenseType>
        <ps:resourceLink xlink:title="PL EULA" xlink:href="https://assets.planet.com/docs/20160101_Inc_SingleUser.txt" />
      </ps:license>
      <ps:versionIsd>1.0</ps:versionIsd>
      <ps:tileId>1062413</ps:tileId>
      <ps:pixelFormat>16U</ps:pixelFormat>
    </ps:EarthObservationMetaData>
  </gml:metaDataProperty>
  <gml:validTime>
    <gml:TimePeriod>
      <gml:beginPosition>2022-09-27T18:14:55.491002+00:00</gml:beginPosition>
      <gml:endPosition>2022-09-27T18:14:55.491002+00:00</gml:endPosition>
    </gml:TimePeriod>
  </gml:validTime>
  <gml:using>
    <eop:EarthObservationEquipment>
      <eop:platform>
        <eop:Platform>
          <eop:shortName>PlanetScope</eop:shortName>
          <eop:serialIdentifier>2442</eop:serialIdentifier>
          <eop:orbitType>LEO-SSO</eop:orbitType>
        </eop:Platform>
      </eop:platform>
      <eop:instrument>
        <eop:Instrument>
          <eop:shortName>PSB.SD</eop:shortName>
        </eop:Instrument>
      </eop:instrument>
      <eop:sensor>
        <ps:Sensor>
          <eop:sensorType>OPTICAL</eop:sensorType>
          <eop:resolution uom="m">3.1250</eop:resolution>
          <ps:scanType>FRAME</ps:scanType>
        </ps:Sensor>
      </eop:sensor>
      <eop:acquisitionParameters>
        <ps:Acquisition>
          <eop:orbitDirection>DESCENDING</eop:orbitDirection>
          <eop:incidenceAngle uom="deg">2.346250e+00</eop:incidenceAngle>
          <opt:illuminationAzimuthAngle uom="deg">1.469000e+02</opt:illuminationAzimuthAngle>
          <opt:illuminationElevationAngle uom="deg">3.250000e+01</opt:illuminationElevationAngle>
          <ps:azimuthAngle uom="deg">1.390000e+01</ps:azimuthAngle>
          <ps:spaceCraftViewAngle uom="deg">2.200000e+00</ps:spaceCraftViewAngle>
          <ps:acquisitionDateTime>2022-09-27T18:14:55.491002+00:00</ps:acquisitionDateTime>
        </ps:Acquisition>
      </eop:acquisitionParameters>
    </eop:EarthObservationEquipment>
  </gml:using>
  <gml:target>
    <ps:Footprint>
      <gml:multiExtentOf>
        <gml:MultiSurface srsName="EPSG:4326">
          <gml:surfaceMembers>
            <gml:Polygon>
              <gml:outerBoundaryIs>
                <gml:LinearRing>
                  <gml:coordinates>-123.616471,50.657847 -123.614209,50.653604 -123.614491,50.647388 -123.615151,50.63872 -123.621844,50.631904 -123.647579,50.634176 -123.651538,50.648583 -123.63721,50.65719 -123.616471,50.657847</gml:coordinates>
                </gml:LinearRing>
              </gml:outerBoundaryIs>
            </gml:Polygon>
          </gml:surfaceMembers>
        </gml:MultiSurface>
      </gml:multiExtentOf>
      <gml:centerOf>
        <gml:Point srsName="EPSG:4326">
          <gml:pos>-123.6061332651 50.5974651944</gml:pos>
        </gml:Point>
      </gml:centerOf>
      <ps:geographicLocation>
        <ps:topLeft>
          <ps:latitude>50.6991691726</ps:latitude>
          <ps:longitude>-123.6867416556</ps:longitude>
        </ps:topLeft>
        <ps:topRight>
          <ps:latitude>50.6991691726</ps:latitude>
          <ps:longitude>-123.4869310529</ps:longitude>
        </ps:topRight>
        <ps:bottomRight>
          <ps:latitude>50.4734830141</ps:latitude>
          <ps:longitude>-123.4869310529</ps:longitude>
        </ps:bottomRight>
        <ps:bottomLeft>
          <ps:latitude>50.4734830141</ps:latitude>
          <ps:longitude>-123.6867416556</ps:longitude>
        </ps:bottomLeft>
      </ps:geographicLocation>
    </ps:Footprint>
  </gml:target>
  <gml:resultOf>
    <ps:EarthObservationResult>
      <eop:product>
        <ps:ProductInformation>
          <eop:fileName>/execdir/5960569_1062413_2022-09-27_2442_BGRN_Analytic_clip.tif</eop:fileName>
          <ps:productFormat>GeoTIFF</ps:productFormat>
          <ps:spatialReferenceSystem>
            <ps:epsgCode>32610</ps:epsgCode>
            <ps:geodeticDatum>WGS_1984</ps:geodeticDatum>
            <ps:projection>WGS 84 / UTM zone 10N</ps:projection>
            <ps:projectionZone>10</ps:projectionZone>
          </ps:spatialReferenceSystem>
          <ps:resamplingKernel>CC</ps:resamplingKernel>
          <ps:numRows>923</ps:numRows>
          <ps:numColumns>846</ps:numColumns>
          <ps:numBands>4</ps:numBands>
          <ps:rowGsd>3.125</ps:rowGsd>
          <ps:columnGsd>3.125</ps:columnGsd>
          <ps:radiometricCorrectionApplied>true</ps:radiometricCorrectionApplied>
          <ps:geoCorrectionLevel>Precision Geocorrection</ps:geoCorrectionLevel>
          <ps:elevationCorrectionApplied>FineDEM</ps:elevationCorrectionApplied>
          <ps:atmosphericCorrectionApplied>false</ps:atmosphericCorrectionApplied>
        </ps:ProductInformation>
      </eop:product>
      <eop:mask>
        <eop:MaskInformation>
          <eop:type>UNUSABLE DATA</eop:type>
          <eop:format>RASTER</eop:format>
          <eop:referenceSystemIdentifier codeSpace="EPSG">32610</eop:referenceSystemIdentifier>
          <eop:fileName>/execdir/5960569_1062413_2022-09-27_2442_BGRN_DN_udm_clip.tif</eop:fileName>
        </eop:MaskInformation>
      </eop:mask>
      <opt:cloudCoverPercentage uom="percentage">0.001</opt:cloudCoverPercentage>
      <opt:cloudCoverPercentageQuotationMode>AUTOMATIC</opt:cloudCoverPercentageQuotationMode>
      <ps:unusableDataPercentage uom="percentage">56.625965625</ps:unusableDataPercentage>
      <ps:bandSpecificMetadata>
        <ps:bandNumber>1</ps:bandNumber>
        <!-- Multiply by radiometricScaleFactor to convert DNs to TOA Radiance (watts per steradian per square metre -->
        <ps:radiometricScaleFactor>0.01</ps:radiometricScaleFactor>
        <!-- Multiply by reflectanceCoefficient to convert DNs to TOA Reflectance -->
        <ps:reflectanceCoefficient>2.988307259732668e-05</ps:reflectanceCoefficient>
        <ps:harmonizationTransform>
          <!-- After application of ps:radiometricScaleFactor, multiply all source bands by
           bandCoefficients, then add finalOffset to harmonize from this scenes PS2.SD
           instrument to the PS2 instrument -->
          <ps:sourceSensor>PSB.SD</ps:sourceSensor>
          <ps:targetSensor>PS2</ps:targetSensor>
          <ps:targetMeasure>TOA-Radiance</ps:targetMeasure>
          <ps:bandCoefficients>1.08523463 0.00000000 0.00000000 0.00000000</ps:bandCoefficients>
          <ps:finalOffset>0.00000000</ps:finalOffset>
        </ps:harmonizationTransform>
        <ps:harmonizationTransform>
          <!-- After application of ps:reflectanceCoefficient, multiply all source bands by
           bandCoefficients, then add finalOffset to harmonize from this scenes PS2.SD
           instrument to the PS2 instrument -->
          <ps:sourceSensor>PSB.SD</ps:sourceSensor>
          <ps:targetSensor>PS2</ps:targetSensor>
          <ps:targetMeasure>TOA-Reflectance</ps:targetMeasure>
          <ps:bandCoefficients>1.08523463 0.00000000 0.00000000 0.00000000</ps:bandCoefficients>
          <ps:finalOffset>0.00000000</ps:finalOffset>
        </ps:harmonizationTransform>
      </ps:bandSpecificMetadata>
      <ps:bandSpecificMetadata>
        <ps:bandNumber>2</ps:bandNumber>
        <!-- Multiply by radiometricScaleFactor to convert DNs to TOA Radiance (watts per steradian per square metre -->
        <ps:radiometricScaleFactor>0.01</ps:radiometricScaleFactor>
        <!-- Multiply by reflectanceCoefficient to convert DNs to TOA Reflectance -->
        <ps:reflectanceCoefficient>3.241051322406457e-05</ps:reflectanceCoefficient>
        <ps:harmonizationTransform>
          <!-- After application of ps:radiometricScaleFactor, multiply all source bands by
           bandCoefficients, then add finalOffset to harmonize from this scenes PS2.SD
           instrument to the PS2 instrument -->
          <ps:sourceSensor>PSB.SD</ps:sourceSensor>
          <ps:targetSensor>PS2</ps:targetSensor>
          <ps:targetMeasure>TOA-Radiance</ps:targetMeasure>
          <ps:bandCoefficients>0.00000000 0.93711778 0.00000000 0.00000000</ps:bandCoefficients>
          <ps:finalOffset>0.00000000</ps:finalOffset>
        </ps:harmonizationTransform>
        <ps:harmonizationTransform>
          <!-- After application of ps:reflectanceCoefficient, multiply all source bands by
           bandCoefficients, then add finalOffset to harmonize from this scenes PS2.SD
           instrument to the PS2 instrument -->
          <ps:sourceSensor>PSB.SD</ps:sourceSensor>
          <ps:targetSensor>PS2</ps:targetSensor>
          <ps:targetMeasure>TOA-Reflectance</ps:targetMeasure>
          <ps:bandCoefficients>0.00000000 0.93711778 0.00000000 0.00000000</ps:bandCoefficients>
          <ps:finalOffset>0.00000000</ps:finalOffset>
        </ps:harmonizationTransform>
      </ps:bandSpecificMetadata>
      <ps:bandSpecificMetadata>
        <ps:bandNumber>3</ps:bandNumber>
        <!-- Multiply by radiometricScaleFactor to convert DNs to TOA Radiance (watts per steradian per square metre -->
        <ps:radiometricScaleFactor>0.01</ps:radiometricScaleFactor>
        <!-- Multiply by reflectanceCoefficient to convert DNs to TOA Reflectance -->
        <ps:reflectanceCoefficient>3.9010527301399906e-05</ps:reflectanceCoefficient>
        <ps:harmonizationTransform>
          <!-- After application of ps:radiometricScaleFactor, multiply all source bands by
           bandCoefficients, then add finalOffset to harmonize from this scenes PS2.SD
           instrument to the PS2 instrument -->
          <ps:sourceSensor>PSB.SD</ps:sourceSensor>
          <ps:targetSensor>PS2</ps:targetSensor>
          <ps:targetMeasure>TOA-Radiance</ps:targetMeasure>
          <ps:bandCoefficients>0.00000000 0.00000000 0.86688353 0.00000000</ps:bandCoefficients>
          <ps:finalOffset>0.00000000</ps:finalOffset>
        </ps:harmonizationTransform>
        <ps:harmonizationTransform>
          <!-- After application of ps:reflectanceCoefficient, multiply all source bands by
           bandCoefficients, then add finalOffset to harmonize from this scenes PS2.SD
           instrument to the PS2 instrument -->
          <ps:sourceSensor>PSB.SD</ps:sourceSensor>
          <ps:targetSensor>PS2</ps:targetSensor>
          <ps:targetMeasure>TOA-Reflectance</ps:targetMeasure>
          <ps:bandCoefficients>0.00000000 0.00000000 0.86688353 0.00000000</ps:bandCoefficients>
          <ps:finalOffset>0.00000000</ps:finalOffset>
        </ps:harmonizationTransform>
      </ps:bandSpecificMetadata>
      <ps:bandSpecificMetadata>
        <ps:bandNumber>4</ps:bandNumber>
        <!-- Multiply by radiometricScaleFactor to convert DNs to TOA Radiance (watts per steradian per square metre -->
        <ps:radiometricScaleFactor>0.01</ps:radiometricScaleFactor>
        <!-- Multiply by reflectanceCoefficient to convert DNs to TOA Reflectance -->
        <ps:reflectanceCoefficient>6.174385597512557e-05</ps:reflectanceCoefficient>
        <ps:harmonizationTransform>
          <!-- After application of ps:radiometricScaleFactor, multiply all source bands by
           bandCoefficients, then add finalOffset to harmonize from this scenes PS2.SD
           instrument to the PS2 instrument -->
          <ps:sourceSensor>PSB.SD</ps:sourceSensor>
          <ps:targetSensor>PS2</ps:targetSensor>
          <ps:targetMeasure>TOA-Radiance</ps:targetMeasure>
          <ps:bandCoefficients>0.00000000 0.00000000 0.00000000 0.86315372</ps:bandCoefficients>
          <ps:finalOffset>0.00000000</ps:finalOffset>
        </ps:harmonizationTransform>
        <ps:harmonizationTransform>
          <!-- After application of ps:reflectanceCoefficient, multiply all source bands by
           bandCoefficients, then add finalOffset to harmonize from this scenes PS2.SD
           instrument to the PS2 instrument -->
          <ps:sourceSensor>PSB.SD</ps:sourceSensor>
          <ps:targetSensor>PS2</ps:targetSensor>
          <ps:targetMeasure>TOA-Reflectance</ps:targetMeasure>
          <ps:bandCoefficients>0.00000000 0.00000000 0.00000000 0.86315372</ps:bandCoefficients>
          <ps:finalOffset>0.00000000</ps:finalOffset>
        </ps:harmonizationTransform>
      </ps:bandSpecificMetadata>
    </ps:EarthObservationResult>
  </gml:resultOf>
</ps:EarthObservation>
