{"id":"5960569_1062413_2022-09-27_2442","type":"Feature","geometry":{"coordinates":[[[-123.53422851256391,50.57971183576473],[-123.53414794575548,50.57969903016315],[-123.5760163140863,50.47347248216051],[-123.68674165556948,50.47347248216051],[-123.68674165556948,50.69984329800371],[-123.4866638297609,50.69984329800371],[-123.53422851256391,50.57971183576473]]],"type":"Polygon"},"properties":{"acquired":"2022-09-27T18:14:55.491002Z","anomalous_pixels":0,"black_fill":0.57,"clear_confidence_percent":86,"clear_percent":59,"cloud_cover":0.001,"cloud_percent":0,"columns":8000,"epsg_code":32610,"grid_cell":"1062413","ground_control":true,"gsd":4,"heavy_haze_percent":0,"instrument":"PSB.SD","item_type":"PSOrthoTile","light_haze_percent":0,"origin_x":451500,"origin_y":5616500,"pixel_resolution":3.125,"provider":"planetscope","published":"2022-09-28T07:21:06Z","publishing_stage":"finalized","quality_category":"standard","rows":8000,"satellite_azimuth":105.7,"satellite_id":"2442","shadow_percent":6,"snow_ice_percent":35,"strip_id":"5960569","sun_azimuth":146.9,"sun_elevation":32.5,"updated":"2022-09-30T10:08:22Z","usable_data":0.43,"view_angle":2.2,"visible_confidence_percent":77,"visible_percent":100}}
