{"id":"5978388_1062413_2022-10-03_2495","type":"Feature","geometry":{"coordinates":[[[-123.68674165556948,50.55822231608718],[-123.63126166236785,50.69984329800371],[-123.33114511326045,50.69984329800371],[-123.33114511326045,50.47347248216051],[-123.68674165556948,50.47347248216051],[-123.68674165556948,50.55822231608718]]],"type":"Polygon"},"properties":{"acquired":"2022-10-03T18:51:19.946015Z","anomalous_pixels":0.01,"black_fill":0.06,"clear_confidence_percent":88,"clear_percent":78,"cloud_cover":0.003,"cloud_percent":0,"columns":8000,"epsg_code":32610,"grid_cell":"1062413","ground_control":true,"gsd":3.9,"heavy_haze_percent":0,"instrument":"PSB.SD","item_type":"PSOrthoTile","light_haze_percent":0,"origin_x":451500,"origin_y":5616500,"pixel_resolution":3.125,"provider":"planetscope","published":"2022-10-04T09:36:27Z","publishing_stage":"finalized","quality_category":"standard","rows":8000,"satellite_azimuth":276.9,"satellite_id":"2495","shadow_percent":4,"snow_ice_percent":17,"strip_id":"5978388","sun_azimuth":158.3,"sun_elevation":33.1,"updated":"2022-10-06T07:09:41Z","usable_data":0.93,"view_angle":1.9,"visible_confidence_percent":75,"visible_percent":100}}
