{"id":"5869058_1062413_2022-08-20_2453","type":"Feature","geometry":{"coordinates":[[[-123.46861599049676,50.69984329800371],[-123.50022709503352,50.622590519926376],[-123.50000473017249,50.62255432535099],[-123.55948000836145,50.47347248216051],[-123.68674165556948,50.47347248216051],[-123.68674165556948,50.69984329800371],[-123.46861599049676,50.69984329800371]]],"type":"Polygon"},"properties":{"acquired":"2022-08-20T18:19:32.819657Z","anomalous_pixels":0.03,"black_fill":0.53,"clear_confidence_percent":87,"clear_percent":56,"cloud_cover":0,"cloud_percent":0,"columns":8000,"epsg_code":32610,"grid_cell":"1062413","ground_control":true,"gsd":4,"heavy_haze_percent":0,"instrument":"PSB.SD","item_type":"PSOrthoTile","light_haze_percent":0,"origin_x":451500,"origin_y":5616500,"pixel_resolution":3.125,"provider":"planetscope","published":"2022-08-21T01:28:57Z","publishing_stage":"finalized","quality_category":"test","rows":8000,"satellite_azimuth":279.5,"satellite_id":"2453","shadow_percent":1,"snow_ice_percent":41,"strip_id":"5869058","sun_azimuth":136.6,"sun_elevation":44.5,"updated":"2022-08-23T07:12:10Z","usable_data":0.45,"view_angle":2.9,"visible_confidence_percent":77,"visible_percent":100}}
