{"id":"6016090_1062413_2022-10-18_2455","type":"Feature","geometry":{"coordinates":[[[-123.36726196063839,50.69984329800371],[-123.42207257002924,50.55843453870245],[-123.42271215085657,50.55853229665284],[-123.4553346398515,50.47347248216051],[-123.68674165556948,50.47347248216051],[-123.68674165556948,50.69984329800371],[-123.36726196063839,50.69984329800371]]],"type":"Polygon"},"properties":{"acquired":"2022-10-18T18:11:14.805921Z","anomalous_pixels":0.01,"black_fill":0.24,"clear_confidence_percent":81,"clear_percent":64,"cloud_cover":0.002,"cloud_percent":0,"columns":8000,"epsg_code":32610,"grid_cell":"1062413","ground_control":true,"gsd":4,"heavy_haze_percent":0,"instrument":"PSB.SD","item_type":"PSOrthoTile","light_haze_percent":0,"origin_x":451500,"origin_y":5616500,"pixel_resolution":3.125,"provider":"planetscope","published":"2022-10-19T03:47:10Z","publishing_stage":"finalized","quality_category":"standard","rows":8000,"satellite_azimuth":103,"satellite_id":"2455","shadow_percent":8,"snow_ice_percent":27,"strip_id":"6016090","sun_azimuth":150.8,"sun_elevation":25.5,"updated":"2022-10-21T10:06:56Z","usable_data":0.76,"view_angle":5,"visible_confidence_percent":68,"visible_percent":100}}
