{"id":"6016170_1062413_2022-10-18_2470","type":"Feature","geometry":{"coordinates":[[[-123.68674165556948,50.66200598421055],[-123.67306496852508,50.69984329800371],[-123.33114511326045,50.69984329800371],[-123.33114511326045,50.47347248216051],[-123.68674165556948,50.47347248216051],[-123.68674165556948,50.66200598421055]]],"type":"Polygon"},"properties":{"acquired":"2022-10-18T18:47:25.839758Z","anomalous_pixels":0,"black_fill":0.02,"clear_confidence_percent":81,"clear_percent":70,"cloud_cover":0.002,"cloud_percent":1,"columns":8000,"epsg_code":32610,"grid_cell":"1062413","ground_control":true,"gsd":4,"heavy_haze_percent":0,"instrument":"PSB.SD","item_type":"PSOrthoTile","light_haze_percent":0,"origin_x":451500,"origin_y":5616500,"pixel_resolution":3.125,"provider":"planetscope","published":"2022-10-19T03:36:17Z","publishing_stage":"finalized","quality_category":"standard","rows":8000,"satellite_azimuth":103,"satellite_id":"2470","shadow_percent":10,"snow_ice_percent":18,"strip_id":"6016170","sun_azimuth":160.7,"sun_elevation":27.9,"updated":"2022-10-21T10:08:24Z","usable_data":0.98,"view_angle":5,"visible_confidence_percent":70,"visible_percent":99}}
