{"id":"5851965_1062413_2022-08-12_24a4","type":"Feature","geometry":{"coordinates":[[[-123.68674165556948,50.69984329800371],[-123.33114511326045,50.69984329800371],[-123.33114511326045,50.47347248216051],[-123.68674165556948,50.47347248216051],[-123.68674165556948,50.69984329800371]]],"type":"Polygon"},"properties":{"acquired":"2022-08-12T18:49:22.23411Z","anomalous_pixels":0.1,"black_fill":0.01,"clear_confidence_percent":83,"clear_percent":59,"cloud_cover":0.002,"cloud_percent":2,"columns":8000,"epsg_code":32610,"grid_cell":"1062413","ground_control":true,"gsd":4,"heavy_haze_percent":1,"instrument":"PSB.SD","item_type":"PSOrthoTile","light_haze_percent":1,"origin_x":451500,"origin_y":5616500,"pixel_resolution":3.125,"provider":"planetscope","published":"2022-08-13T03:26:49Z","publishing_stage":"finalized","quality_category":"test","rows":8000,"satellite_azimuth":110.6,"satellite_id":"24a4","shadow_percent":0,"snow_ice_percent":33,"strip_id":"5851965","sun_azimuth":145.3,"sun_elevation":49.9,"updated":"2022-08-15T04:12:13Z","usable_data":0.88,"view_angle":1,"visible_confidence_percent":68,"visible_percent":95}}
